Image Filename,Label
001e72a8-3b78-489a-9103-182e21768fa6.jpg,97
0037852e-48b4-40d3-a0e4-336b83f835f3.jpg,344
00f55fa1-7d81-499c-aa02-09799bc945ac.jpg,348
010db4e8-34d0-4bc0-b5db-bb0185eedd52.jpg,244
0110d7d9-c331-449c-88e7-97bcb80eb5cf.jpg,244
0204ee71-cf85-49fe-ac8f-afb7576a61b7.jpg,104
022537be-0e66-40ad-a7eb-863e95f7fb57.jpg,84
02305b43-1172-42f3-a13b-ead8300fed2f.jpg,84
02b92666-046d-44ad-b9e9-33df21db55b1.jpg,104
0362b272-a1c5-40d5-8828-6ca9750abc49.jpg,94
03ac7c4d-38a4-4e6f-8720-e326f5484503.jpg,254
0413d044-14b5-4c1e-a4a6-4484c52c5202.jpg,244
043f4afa-3486-47ff-84e6-9e2802fb5b7d.jpg,183
04a1a93f-59f3-48fa-accd-82f034f3398c.jpg,280
04ac8634-1fc1-4ac5-8053-3878518566a1.jpg,348
04d10dfd-fa9c-476b-95fe-b63fd2e1c7aa.jpg,258
051fc015-d729-4ead-9236-f38e7c477644.jpg,183
056d9eb7-1039-4034-b372-d1039b1efdb9.jpg,361
057f7c06-02d6-47db-af7b-161f508e7c94.jpg,361
05b58fd3-4590-44bd-afed-cdd7d4bf8d12.jpg,43
064c7689-604c-4c59-ada4-6658ee995057.jpg,104
0652a702-1e58-4deb-a810-187a23b31f1c.jpg,109
0695eb75-4d55-4a4f-b9ec-92e7bc2e5228.jpg,104
06aa8153-967c-4a9f-9bea-35a038398033.jpg,288
06b20f9e-9f76-48ec-91ca-78c1526d8779.jpg,20
06e3d4b5-f6e3-4d3f-a2fc-abcd3df28a15.jpg,292
0701e1c5-a437-47de-86c4-9af7541b943a.jpg,4
074524c7-485d-4465-94c9-50e17dac1da4.jpg,66
07c69ef4-b908-43e7-9e79-ef4972f90d1c.jpg,48
07c740d7-2f5d-4217-a039-83049651f80c.jpg,290
07ebbbb6-45a2-47b0-8ed2-16d2a3777cb0.jpg,104
081e58bc-1599-40a0-ba5d-4fff284e9a86.jpg,183
09297d0c-048f-426f-85ab-a6eb5a517969.jpg,258
0933601c-ec48-4aa7-b6d9-264519b2e6b5.jpg,292
0950bced-d867-4e31-884d-e64e05189f8a.jpg,104
099b14a0-0a7b-4ae1-a567-32086e1f94df.jpg,183
0a412739-59a2-47e5-8ba9-0a5188cec553.jpg,244
0aec7843-2b02-4fe4-af6f-4f360294ad19.jpg,138
0bb4c14f-ecab-4db9-b7bb-a1fc17e9eb22.jpg,361
0bd846ef-d891-4d7e-a122-23a1d8efdbf9.jpg,154
0c6c0703-2033-4dd4-a1db-f74f1527c4ae.jpg,10
0cb887d3-ad53-4681-b370-e379903d91b6.jpg,154
0d73b063-09c4-4e4b-853e-0a1bdbf65af1.jpg,244
0df552f7-b942-4fea-bed2-6dbad75e4784.jpg,97
0df6afdd-df3a-4337-b387-31d7caa721c2.jpg,258
0fb1eb24-3c40-4668-a825-65608700f70f.jpg,113
10055378-7103-4cc8-9cc3-3eec79b0fe48.jpg,306
1037466f-80fc-4425-bd15-ae983e6c13ad.jpg,94
1047559f-7d53-416a-88dc-ddf8de3e44d5.jpg,48
108c4024-cc56-4f74-92cb-4cbc627779b3.jpg,288
109a7bb9-6813-4b45-bdad-d0cd49782193.jpg,254
10bc05c1-620c-43d8-b426-64708a2756e3.jpg,10
112f2149-b922-49be-bea3-e7b51cead943.jpg,288
1164387c-cbe0-4951-a18a-9bab917e4d6d.jpg,348
129d8ff3-64fc-478a-8dcb-7c0d2f780c8b.jpg,232
12ff714c-f78b-4423-8398-4b79d4c8c424.jpg,183
134dc36e-fcf3-4b1c-a19a-0e8608155f1f.jpg,78
136c1f9e-51ee-46f8-b1db-b086d8dc5ea2.jpg,154
13e5b56d-42db-40f6-8da0-1c99b9914007.jpg,52
13fe5e0e-9e5e-4828-bb9d-3a07ef56aae9.jpg,266
141ee232-cdcf-4214-a808-8583d701e2da.jpg,104
144e713d-0610-4da6-a99c-bbae5b85c9c7.jpg,254
14ce3cbd-acfb-4d39-8adf-9f10163cf6ff.jpg,288
14ea0513-fe20-4e8c-b3cd-02b5fc421c59.jpg,10
158244d6-c037-4d9e-84c4-03741a9477ac.jpg,292
15d15fcd-5b19-4166-adb3-4981c370cd18.jpg,319
15f6e887-58af-4a47-ab34-4d7e8b958553.jpg,154
16422aae-0f87-4f21-bb19-034867b87e41.jpg,258
1672d602-bdd4-4a7c-8ca1-b44aab2e8415.jpg,183
16bd5c63-4505-4d40-98f2-d96a92535945.jpg,311
16d176c8-006e-4196-a751-b1cf3ef30365.jpg,203
17c31295-98b8-42bb-b52c-210e8dfbe954.jpg,104
17d143db-eea2-4721-be78-72d88c8478b9.jpg,39
17ddb652-7223-4d41-9403-9b2adb6c4689.jpg,288
18936f81-7b7c-4b63-91f5-5725d2c88330.jpg,109
19dc5b28-f486-4a29-bed0-017734212e01.jpg,138
19e23eda-6615-48d4-83bf-f9b9a013c1ce.jpg,348
1a01c1b2-2fa7-46d7-963d-6da530a7a5eb.jpg,54
1a20e060-076d-4121-87df-4ee9dc8fe0cb.jpg,128
1a2a9892-4930-465e-a7d5-1d635b1048ea.jpg,183
1a3802ee-8134-406f-826a-77750ab271d8.jpg,154
1a6f036d-ba39-4bab-8d68-5fa62087a9a4.jpg,183
1aa970d7-9588-4819-9ea7-100bbedbae9e.jpg,319
1c09537f-1b19-4cea-ad29-f822af149e70.jpg,358
1c20fc15-fd6c-428e-bf7e-2f8733f030d3.jpg,155
1cb5c6a4-5ad9-4aad-b804-75656818e632.jpg,21
1ccf72b5-5db6-43fc-b297-3465edf23a77.jpg,288
1d39e4da-6b58-4a58-ae4f-792d3099c7af.jpg,203
1d686450-6fcd-48a5-a2b6-1bd1eabe5163.jpg,271
1dc32fdb-aab7-4359-be49-d59c8a30d7e3.jpg,203
1dfd79b1-7811-48a4-88e1-191f7230a4d6.jpg,138
1e32024b-c4e7-47e9-9a4f-3322d3eba5a0.jpg,167
1e9352d1-0f61-471e-8e60-a96070cee881.jpg,344
1ed7cc21-63b8-4b6b-9892-55aca2d7ae71.jpg,232
2001f19c-be5d-460a-85c1-54283a104ccd.jpg,48
20b372d3-5cfd-48c7-b373-a3bce92df2e3.jpg,183
20b590c5-844d-453d-8fc7-90d58855cd47.jpg,138
2110c3dc-7d98-4ab8-9465-aa7acb9bf3d2.jpg,284
213abb34-3c5b-4128-92aa-16f690e26d5d.jpg,252
214aef74-702b-4986-95f2-fcbb11574ab5.jpg,104
220e081d-fe93-47db-85a3-c5c5e2b59b79.jpg,292
2380c056-f2fd-447a-8a3d-43ffd7d8acab.jpg,104
23887f0a-9d82-481c-b62d-a4dca334c806.jpg,183
2405d33a-6178-4918-ba73-e954218fa05c.jpg,288
242d847a-071d-43fd-aafd-e01c11f9f938.jpg,355
24363899-739a-4b89-9522-22fde4ae3049.jpg,355
24d90915-d148-4b62-be6e-8664c98fcbc6.jpg,84
24f46892-015d-47f3-b545-12678cd43066.jpg,104
2571fc53-dc23-45f1-ac59-54fd652c77ca.jpg,48
25b45441-f930-4ff1-851f-dedd2e1a8650.jpg,84
266344be-fcec-4532-8eab-2ec7feee8234.jpg,319
268df280-6977-42b3-8164-3a4f3a9788eb.jpg,203
27139389-0a72-4bc4-999f-9ffdc081b560.jpg,273
27c1b675-adbf-4809-bce5-e47d1de7de9d.jpg,361
27fda028-4957-4f15-b7e4-6c46092da03a.jpg,66
283fb1c4-4d47-47ca-bff1-09cc2d46da94.jpg,288
286b4b64-38b4-421b-88e8-1295d75304ad.jpg,348
28ac354a-7d46-4c60-b216-fb1a849e46f2.jpg,97
292c227d-d540-4c5c-adac-10e7cec0f279.jpg,348
29cf5f63-4101-4635-a6e9-2f705b992fc0.jpg,183
2ac10a25-a1ca-49ab-8a42-3b80c5517d92.jpg,104
2ad2295c-cc93-42e9-b927-7ce4204ee6fd.jpg,361
2b0facd3-71ea-4874-8a21-577f6aad9d51.jpg,271
2b49c9d0-47ac-42b1-912a-616b23d5824d.jpg,154
2b6ec58c-695f-4a83-811d-5a129e751b04.jpg,183
2c129638-1d4c-408b-b775-276e11c66aad.jpg,203
2c1ac367-9b11-4266-bb08-eea14ca0bb76.jpg,244
2c969c73-539a-4d11-97dc-d7694cba60f3.jpg,104
2ca968ea-0bd8-4021-a30a-1d9aa6496d4b.jpg,138
2d0c3192-e329-4aef-840c-420f1eef8ec1.jpg,224
2e09e1c5-eaea-4cd4-a367-e709bd7e5596.jpg,241
2ed358ed-f95f-4a4c-ac52-2f5594f49412.jpg,97
2ef04d9d-e0e7-401a-8151-0be63a1c9b31.jpg,288
2f5ecdd3-dafe-44bb-b1bf-34969d78f7f4.jpg,184
2fb9689c-57fa-4a23-93e9-c4bc717ff11e.jpg,258
2fc7f152-565e-4e19-a54f-968d066b9628.jpg,109
2fce8434-19fa-4704-a3f5-07074ead4237.jpg,138
30222f6d-b607-4408-b6fa-8ce05d2fde16.jpg,203
309ffac3-0ba0-4d37-9c5b-04d0ea83903a.jpg,84
30d3ebec-443f-4bbd-9d9a-3d02b538d5ef.jpg,232
310300f5-d544-446d-bcf9-816c4d6ca6c1.jpg,138
31480127-29ad-42f9-b566-20745653bd4c.jpg,48
3212e101-a8cc-4ccf-a110-a7ca243f6675.jpg,258
326a60df-6317-4ba6-a8ac-1ce194057db9.jpg,104
326d9eab-3d69-4470-8b4f-dd3f66917a7a.jpg,232
3278ea7d-ee0d-47e8-8cd9-c7465a8ed46b.jpg,104
329b42e9-74a9-4007-ba3f-0bb7ae9d9a20.jpg,151
32def7cf-f4f4-4ab2-aa1b-6701dcc1c3bb.jpg,232
3433b2e0-ace5-4976-9b75-b34d1222ffd0.jpg,288
3457f869-405f-43f7-a4b5-3b458eab768c.jpg,311
35646a65-7ea0-4d6a-b491-e7d5263d2b0d.jpg,203
364aceb5-b194-43fa-8e23-ff6752960be7.jpg,232
3655c70e-8335-43f1-bef1-b6ad306a9d18.jpg,292
3699ce7c-6f7b-454c-a2d5-b2d8af7cc72e.jpg,155
36f52d5b-981d-446a-9ff7-fe1917c09aa5.jpg,292
374d577f-e62f-47a5-919f-ac2022fa254d.jpg,280
37c95325-4fc1-4e5f-95b6-05016c86fef1.jpg,183
380c5cb0-8a2b-4ae4-a18d-ac4badba2b0b.jpg,183
386ab290-5fcd-4a86-ace2-6bfe59890c38.jpg,258
38da2ffe-dc22-490a-b727-d7dcee235ee9.jpg,183
38f0c6f3-1b6a-4257-a000-85c608a3eb65.jpg,183
391f79b5-5fb7-43a8-beb3-1202ba78f2e7.jpg,311
3928eae3-7efa-42dc-ad89-2da4582d7649.jpg,183
3934f90f-77f9-4310-b0f0-95f93c1daea8.jpg,183
39b68414-2b7d-4595-8c6f-f7d63369f0a5.jpg,288
3a3866fe-e41a-4ff0-8dd9-375f380fa466.jpg,266
3a3e17fb-4b92-48ad-b5ce-c9c7c74724ff.jpg,97
3a5006fd-ba2c-4329-ac4a-9d4e5ae28962.jpg,97
3ae2d5a5-63b7-49dd-b6c1-b4bd04dec3bc.jpg,203
3b338d8c-06da-4d8e-8a74-83c7ff85bd11.jpg,355
3b455757-9ee2-4df2-b8d7-f13bee0fa453.jpg,39
3bde0119-adc3-4dca-8ae5-4845c844fad1.jpg,266
3c0d81ca-648d-42d6-a063-7c19dfd1bfac.jpg,232
3c13f515-8598-415b-93b4-cf0868bf24d4.jpg,151
3c3eaef4-09a2-4ed9-a15e-4f82cdfce76f.jpg,203
3c9ccf34-70e0-4547-96a5-9a4f7a9bd765.jpg,84
3ccd11ca-fd1f-4347-87eb-54fc3dfc0d32.jpg,288
3d670da4-b369-4be1-892f-de81bd1aff43.jpg,348
3d9c9f23-7874-4150-a68b-c0a322952db7.jpg,292
3de50308-cb2d-4022-8dc3-d76975b61741.jpg,104
3e3093e0-a5f3-4f2f-a184-8f5814f19cf6.jpg,292
3e83eca2-5306-4d6d-b499-f86091c81d39.jpg,361
3eb31d71-9443-4b52-91b0-55a2b0c908b6.jpg,97
3edb04cf-d96d-461c-9758-3077f402ff86.jpg,19
3ee2ab8e-9eae-4f88-b9a5-d9db2b142a8c.jpg,348
3ee7c7d3-bfbe-4f71-b7c4-e1b8bc90d0a8.jpg,355
3f267033-2dec-45b0-925e-1627686d0c0e.jpg,39
3f452cb5-9f92-433c-a56d-594b408322bc.jpg,183
3fa330ac-a489-40f7-9db7-b46019407f31.jpg,266
3fbf9b3c-27a8-4ae1-80be-ecb71fe5d7e1.jpg,66
3ff39e0c-f443-4fc4-b1e2-1c51ccebfe62.jpg,104
417fa4b2-0936-4d60-9960-be4dbb29969f.jpg,288
41ce0b6c-b2da-4d9d-b08b-811e924c93d6.jpg,138
41f71bce-6878-4739-bee0-03e3e3e969fc.jpg,84
42060159-10d7-49cb-b985-0f9d7155f696.jpg,288
4210a6fe-83c3-41f9-8e36-10e8e832aece.jpg,72
4243ee49-911d-416e-a6f4-f75fa3f11fe3.jpg,232
4256b3f9-ae01-4aba-919f-8ae08a1c5209.jpg,203
42dc7d36-d9bd-4897-95e8-4baaab3c3721.jpg,84
42ea8733-93ac-4178-9e6e-719e60107edd.jpg,254
43b7df31-6d6c-422c-ae37-ccc28c300b51.jpg,43
44971f61-381c-4042-afd1-540fe9b7a955.jpg,284
44f64b74-ba30-476d-99ce-d12dd1ec31b1.jpg,43
453551f6-deb0-4972-aff5-5a0f3b282b7e.jpg,84
465bb4a9-3ddd-4a55-9ff1-1c6700cf2977.jpg,347
47b030e0-ee15-4f9c-8a3b-80336f2b7840.jpg,97
47b9bbbb-f9d6-43f5-b735-df2adfb176ee.jpg,252
47c8e096-736f-4d6f-ab44-363f6f4aa3d5.jpg,66
4830e626-5a7d-4fa0-9f10-fcd7dbb408c2.jpg,215
490577f2-0edd-4c0c-93dd-023f800f847d.jpg,183
49f91c82-4937-44ab-8af8-8ba5aa77d236.jpg,361
4a121e25-9002-4945-9c59-79333df8d8b7.jpg,288
4a5395dd-de97-4188-b836-33a8b4a6cd57.jpg,151
4a8b6932-d86d-482c-8fb2-e32f503cea3d.jpg,203
4aa62e99-d3a6-42c1-af77-d447e99bdaaa.jpg,292
4af1d07b-31ed-4760-9d14-eead8ee2a268.jpg,154
4d08b79b-bbfb-482b-9737-bd76a910eebd.jpg,104
4d35bc8f-d3f3-4443-b334-9f613260c039.jpg,116
4d959c52-952f-4bd2-ae02-622ac5a88085.jpg,288
4e114c41-9656-475f-a5fc-4095a242e618.jpg,40
4f6c89e4-7f37-4722-8eba-155a6e1d66de.jpg,266
4ff6667b-874c-4701-96be-68dad082d9b3.jpg,40
500b7e92-7515-495e-9eed-3dfdce61da74.jpg,97
505f9698-1c50-46ac-89e1-de4d321eceb3.jpg,244
50f16f07-4e15-4d04-bcd3-8bedce65805d.jpg,331
51479dd7-6a26-437d-b63e-cc53cb892598.jpg,183
51a619d7-8868-4f41-aebc-0d54f143e805.jpg,109
51ac6537-9699-4fd8-8889-2166c5b51fe7.jpg,348
523dfbed-6975-4927-b9e9-623a0e80f1ed.jpg,183
5243fffe-093a-464e-b631-815c59c787a0.jpg,203
52dd6fff-fa5c-487c-a5a5-d253eea8d9a6.jpg,292
533a9fc7-1a49-4c3b-b375-f545f6f71a74.jpg,258
53901f7c-0abf-451e-9395-f76a4dc03afe.jpg,39
53c592ba-842d-4cc6-b9ca-3951b293d56c.jpg,258
540507ec-28c3-4857-9de2-9bbe280b4f39.jpg,138
54250c07-89d3-42df-b768-0d15b95d0d4d.jpg,292
5505bfb4-35bb-410d-91a2-56e69302ae38.jpg,203
550802cf-1350-4b1d-bf7c-bfb9e42ca59e.jpg,19
555adc93-393d-499d-bc10-ba580b9ea75b.jpg,104
55fe2e53-a0bc-4215-a581-c84a4ba9814a.jpg,266
56f9ecf5-0af6-4b09-bb01-103565afcdc6.jpg,183
5709afdc-c865-41ac-8f18-798cf45462e3.jpg,292
57278c78-fab4-47bf-a57f-e0264f71b54f.jpg,48
57d0cf23-8811-4172-af14-df22e85c63e0.jpg,183
58565492-55e9-42de-bc00-d0cdc3e767ea.jpg,288
58672f4d-eaa9-4101-bdc1-26ec1cfff8bb.jpg,244
58789bc3-f96b-4051-93c3-c422a57a45d7.jpg,271
588a6d9b-0f3d-4dd0-9e7a-ef1c41ec2403.jpg,113
58cc919e-5c91-4738-a6b8-bb869dea1d6e.jpg,319
59424d66-df3a-4c28-aee9-571b2c6f9a18.jpg,78
5963478d-c010-456d-88af-a57285dcbf90.jpg,84
5abb2ec2-ea25-49e1-b663-376df01cb76a.jpg,288
5b3ae8fa-fb8f-4bc5-9b51-2cc428d3d022.jpg,48
5b93ac17-0bb8-4850-a7f2-d5410e72f779.jpg,104
5ba1c147-9675-47a7-a7df-debc6246b806.jpg,104
5bf5bacf-b6e3-4d6d-9afc-bc7c0e8c2fd3.jpg,288
5c20b4d3-2794-44ec-bcd1-0da12d6062bf.jpg,252
5c59c3c7-26ba-4879-a75a-ca9b73dc4ee3.jpg,104
5ce61986-021a-4dab-8a3f-6be6685d01a7.jpg,258
5d560922-7dcc-4117-a3e9-cabb36c59ec3.jpg,203
5d567122-2a14-4f8d-8d03-58665980d439.jpg,252
5dcd7d9e-cec8-49a1-8da3-84c6a8265393.jpg,138
5fbcffdd-b14b-46fe-a140-68db61bea361.jpg,66
60230ed1-0fad-47ef-b1ef-b1f9668bf70c.jpg,358
604563d1-c70a-4f75-b365-66a53011dbf0.jpg,104
60947318-2641-4bc3-a472-4099e09d6943.jpg,167
6145710d-ea6f-4b04-8ac6-1f2d2355e151.jpg,20
61922c15-657e-40b1-8978-d0182dc4eb22.jpg,104
627487ee-3233-4621-9dfe-15594d19ae19.jpg,20
62b5dc9a-1383-46a2-9d7f-67934d625323.jpg,280
62b62f0b-b41c-42c5-9592-7a335bd836c7.jpg,104
630806e2-92c5-48f7-af7a-a7978f735f92.jpg,66
6317499c-b3fb-40b2-b345-924dacfdc843.jpg,97
6364cc7e-2e5d-4eb6-9028-bd2b89c8515a.jpg,113
63bb45c2-8db6-400f-97e3-ee3c05435d4a.jpg,288
63e09915-9e13-4c78-82c5-404508c79f81.jpg,113
63e1c9fb-a4ee-49c6-9b3c-b11eecf32f59.jpg,292
63f839ff-e846-455b-a816-818433503ba0.jpg,232
642c5bc1-3f42-45d5-b128-981853da8e4c.jpg,288
64ae06ef-4e13-4884-bd99-6a75a41c5ca6.jpg,252
663c24f3-709c-424e-9546-7dee4b3a8319.jpg,288
667b372d-2b0c-4638-8882-f3b3c99034cb.jpg,288
669aa85a-ddde-4c18-b621-ed55ffdd4fea.jpg,254
66c1f890-3038-4a5a-be0a-7495433ea5e0.jpg,284
66f4c74c-57a5-4896-843f-ed869c1d35b8.jpg,203
673be263-97b9-4780-8ec6-397706814398.jpg,361
67902cd1-3a8e-4104-a17c-2c31ef0eacf2.jpg,347
67c2886b-f1ba-4242-a7f6-69da6c3af1e0.jpg,183
685f9e4e-2d1d-45a6-aa31-3b0a83fc74e0.jpg,288
687dc9fa-bea1-4586-b324-3c98eb122aba.jpg,292
6889fbfc-5a45-4bcc-bfa9-7ee834e86d36.jpg,155
6a293ad1-eb6e-416f-bdf1-849a93e7f8ae.jpg,311
6b7f772b-f346-4810-bbf0-59f2cd356359.jpg,288
6cdee96b-1eb0-4533-8f76-f60a0dbb7aea.jpg,238
6da694c4-52ae-4bca-80a8-a48a4cfc00e3.jpg,288
6dbbd7e3-5e5b-4691-bfc3-7b9beac9f953.jpg,232
6e399278-7203-4377-9e6e-f4b33cf0ce68.jpg,319
6ef4fb0f-fe75-429a-a219-833b5ad6f006.jpg,48
6f1fb9df-dcdc-4faf-ae5e-2043855b8232.jpg,40
6fe9fb65-b6aa-4996-9e88-22c534e7ade4.jpg,203
7028a5e5-88c8-4660-817a-d17a60a178eb.jpg,19
7059db51-691f-487b-b229-d1fcbd0a9795.jpg,183
714136ad-8f57-405c-9bb4-322aa3015632.jpg,258
7154fcf4-16af-422b-905b-00eb011414bb.jpg,183
719b917c-0de1-4c5c-8dc2-160240b3b5b6.jpg,288
719fe282-8a7e-43a0-8cdb-d8ff96d5a713.jpg,84
71a80655-2dcc-45de-a97b-b8284233298d.jpg,107
730d9e67-8e65-40c5-a0d3-9add87ce486d.jpg,292
731ba471-a741-4fce-8978-652da6af19a7.jpg,319
73641c9e-998c-4ff1-af29-f0519545ed9f.jpg,284
739554bd-ed49-49ae-b68a-5b96fd5b6359.jpg,113
73fa254e-02a6-427a-9800-0c33d644eff5.jpg,66
73fe96db-71c7-4b48-a900-323c4b96cec1.jpg,104
7473281b-d9db-4ed8-b45e-356d4338cca6.jpg,224
7480d74f-cb15-4a40-8d1a-70b8e62cf794.jpg,254
74a9b3f2-0578-4616-a602-e57cbf95604c.jpg,9
7557f6af-3b87-4e93-a75f-2bb64e1a63d4.jpg,104
75c24f10-fd04-47f0-bf02-6a9364b36aad.jpg,292
76096ae0-c1c1-403f-8d4a-6b2db4b5ff57.jpg,104
761aec0c-ca06-4ec9-a782-6a67cbad91f4.jpg,292
767001fe-02f8-4b96-9490-8baa591c1dd8.jpg,252
76a79893-0f52-4b9f-8b6c-bb4017d4c351.jpg,348
778dd642-f2b8-473c-b560-5b16c63cb002.jpg,183
7796b31c-a509-48c7-8cae-a9e2dbbdad83.jpg,244
788674bf-c40f-4995-a00b-e91d95f39c3d.jpg,19
78acc6ac-78d1-4fd9-8a92-a11b9edfb4c9.jpg,311
78eeff3c-626f-444e-9f77-e43612168b87.jpg,292
7956ff10-0bd4-454b-aca4-9c642c6110c9.jpg,104
795cb9cd-d909-4e65-a98d-95c4be7002ea.jpg,48
79607273-20f4-4c52-950c-d4e29f613c32.jpg,20
796d4e1e-ac81-4c7f-87d8-bfe4f533808f.jpg,292
7a0b22ff-6e66-4f06-8428-8203a7196cb4.jpg,266
7a0b9cf5-95d3-4ca6-a04b-d68892f9a5de.jpg,138
7a23b00d-a871-4fc0-a1a6-70a0e8db4ad4.jpg,355
7ac6a3d9-d073-47c2-a172-21262cc2858b.jpg,155
7aecff6d-430b-4ed7-a22e-e389a3eeafa1.jpg,323
7c3bf444-98f4-40fc-b48e-f9236af854ff.jpg,323
7cd591d4-91be-4053-9af6-ab5148244774.jpg,183
7cf05ec7-bcfe-482f-bcde-dfb62fab3488.jpg,266
7d0c7000-08d1-46b4-982a-96a68c4cf4bf.jpg,292
7d19386d-6487-45b8-be05-00a1f5a2e759.jpg,348
7d6a7da7-16f4-4644-93a6-7d616283ea85.jpg,292
7db7d48b-52e0-4dff-936b-cf0133727ebe.jpg,252
7dba1203-66f6-4840-84ad-2f72cbfda48b.jpg,266
7dbecafc-e634-44e1-aa92-28d3b1279514.jpg,348
7dc17501-d617-4852-943f-1d117ae07a20.jpg,183
7df6c38a-c834-4f9e-b1c4-127cf9cd7899.jpg,334
7e1924e0-fa77-4b80-b39c-6365aaad5a49.jpg,288
7f166d6c-a9c6-4ccd-9af2-eb6dc5df37d6.jpg,43
7f21633b-5f38-4704-a751-1ce0398bed8b.jpg,311
7f74398a-fade-4c6b-a8e0-f472dcb77929.jpg,107
7f772208-67f7-4aff-88ce-44052201fa2d.jpg,104
80aa9c13-d355-47c0-b64f-c47c5f45c22a.jpg,116
811d0db6-c722-4049-9811-0611fcef473b.jpg,151
81323bb4-982d-4085-9416-cccee5f56be9.jpg,113
81d7ee07-ecc2-4737-9f40-157c56a79f5a.jpg,167
81f82d77-b758-43b7-be92-69a7baf066fe.jpg,361
82409765-a10d-488a-96aa-f108ccd2c851.jpg,48
825dd545-cc34-4845-b577-a3edeb0c3e7b.jpg,89
82dff307-1112-44d3-b611-4527d003d279.jpg,334
830b473e-f096-439d-951e-fc562673a081.jpg,244
8372007f-c393-4936-8b00-ad74cdae166d.jpg,348
8445a05b-b9a2-4c9f-90cf-d84f37dbf024.jpg,104
847ed610-3d40-4cf3-88dd-f72a9b949224.jpg,97
84ca57a5-f304-4679-bc7f-0c34b069e6b4.jpg,97
84f05cbb-7760-4432-9310-6a300cb2bc62.jpg,258
8567f37c-9838-472e-b78e-18652b626343.jpg,138
85ed1358-6efb-4acd-a1b9-995ce9d328b7.jpg,292
861e23e9-2147-46f4-9a0c-6069b8919e47.jpg,319
86b943d2-af16-436a-aa90-cd0628d2fd1b.jpg,104
871befea-b42f-43d3-9393-21014cf5c008.jpg,292
87621e90-3b21-4d33-af6a-5acab25edf4e.jpg,203
876a46b0-9d66-4d1f-8a29-0ad06c2bade8.jpg,19
877af01f-44fc-4ce1-b41c-82af8beec0d3.jpg,288
87d29ec8-fc0d-467f-8c38-7acd4def5e79.jpg,48
87f71c38-0b97-4898-872a-5740429f5662.jpg,10
88d544df-196b-4353-85b0-2ff62600d517.jpg,154
88e65a4e-8ba5-4aa6-becf-156c4d4700c7.jpg,104
8930dd6f-b966-434e-a434-c66392fd78d0.jpg,183
89aa7518-04d6-48f4-94b8-ac0a1cd2ed09.jpg,334
89f89710-5054-4033-be9f-1c21e7797cf6.jpg,104
8a023b12-1c1d-4f7e-ba39-fdbb0bb33c99.jpg,311
8ab2b619-86d2-40c2-be0c-25e5679d9870.jpg,138
8bdee762-df2e-4feb-9a3e-85f8631ac530.jpg,266
8c5aa43e-5ac1-478a-abbc-1424e2a33a81.jpg,334
8c637548-dae4-44dc-b26f-585eb016212e.jpg,288
8c6f1202-28a7-4881-a7d6-ed9bc0c2d29e.jpg,280
8ca5a853-8a47-4616-a30e-6b9d8569317d.jpg,183
8cb5d77f-a9bd-4744-871b-db946408025c.jpg,183
8d0f67b5-0378-4006-9966-484219b64083.jpg,258
8d36f3b3-a13b-4682-8735-273741ba4f7d.jpg,254
8d40ad5c-0b98-4b02-8e16-dee69898358a.jpg,249
8d44f974-ca83-465e-9df1-0c10332fd50c.jpg,203
8d6c8fa2-902a-4523-a6d6-94e9e58952f5.jpg,288
8dc14a60-77cf-4eb1-ae8c-7f83087a4496.jpg,348
8dc3454c-df57-4261-803c-9d5f995bb64a.jpg,288
8f77a511-074d-4632-88c0-be94043952b4.jpg,20
8fc3f0f4-83ee-4cf7-a9ad-a950a9c84ac6.jpg,138
8fe76e05-df97-4fb8-9927-a044f4d76777.jpg,292
8febe89a-20cf-41dc-8959-0dab930c440d.jpg,20
90879755-c2e9-4149-97c3-46d4ea407b07.jpg,288
912d59a5-618c-4465-b6ba-19b73e079945.jpg,311
916a1150-99f9-4003-81a1-f8cfe8b579fa.jpg,138
917216d1-2d9d-4859-9edf-2f187da9408d.jpg,319
92513db2-5f3f-4837-8dee-ba8861aaecfe.jpg,104
925559b4-5203-47f0-ba69-bafd8e599a42.jpg,334
92bf6141-7277-4967-9de2-7cbb1db36289.jpg,203
938e6925-ab56-4334-9d50-47afffd04045.jpg,4
93b43a4a-dadc-4cd9-b368-c0a579e06eff.jpg,113
93e4e874-25ed-454c-bc55-69b718259ee3.jpg,104
93ef3b48-5098-47dc-81e9-d2e995fb7f09.jpg,104
947cb5c9-b589-461d-921b-a17cc11508a6.jpg,252
9684db8f-18d5-4cd9-a370-4d93e7a482e8.jpg,113
969e4bd8-006d-4980-995c-22d42a8188f9.jpg,11
96cb5452-e276-4854-8ef6-9915b3350683.jpg,138
97308195-51a5-41ab-9850-c7d40a01a76d.jpg,288
97849339-bff3-44dd-b734-25593dcbb461.jpg,311
97b73e44-22eb-4370-a9c3-ae521bf661a5.jpg,203
99069052-2261-4d65-8e16-1a8efb3039d1.jpg,292
9934005f-3808-4f91-9b9d-344d41f273bf.jpg,104
993b4331-c564-4c5c-b1cf-8994394a5cc8.jpg,104
993d6a1c-5b5f-4d43-bf34-6d08ec9e4e1e.jpg,104
997011df-89c9-4410-bb73-e46985d2ea5a.jpg,288
99a97ad1-dd7a-4f45-9712-22673ecfc083.jpg,348
99d5321c-03ee-4ff8-ab01-be32ad1bd91d.jpg,48
9a81696e-78d2-4665-9a15-e88f3d8db9cb.jpg,361
9a9b0aed-dd63-48a7-b6ad-dc1e6dcdd513.jpg,203
9abe06c0-932c-4315-9e83-0c4facdbb2ef.jpg,4
9b7b7261-7b30-4106-9fb0-23b9ecf27219.jpg,292
9c606478-461d-4e70-9171-acbb263069c0.jpg,266
9c6d0083-4ad5-48e2-a542-5858ad657ae4.jpg,113
9cdbfba5-462e-4df9-bc2d-06a69608f04a.jpg,288
9d2b4c8a-d2e8-4fb1-885e-79b911d5b548.jpg,254
9d6afead-9cdb-41b5-b730-0425bbdd6b37.jpg,297
9da5076a-f8b0-46a0-af0a-5cf9b4ddfbf6.jpg,348
9e0173c3-fc17-43d3-b689-d648f44e7754.jpg,48
9e71f16d-b31f-4c6d-bcda-7318ae44faed.jpg,104
9edaf635-3f7c-4df1-9b46-3c9a599d6b48.jpg,306
9ee5899a-5f3b-45d7-96bd-f3e457292fc3.jpg,266
9f3ef70a-fe20-45c9-93de-eb93570fedd7.jpg,347
9f5ada8a-a554-435c-b9b0-2494b8588dac.jpg,84
9f669f0f-03a3-4f8f-9dcc-2890d107dca7.jpg,288
9f7aabcf-4acc-4bbf-941f-7911bcb1cc53.jpg,288
9f894fba-05f8-4e19-b985-486df55b27e6.jpg,183
a0604f4f-fb76-4ff4-9468-5a07ddc477ad.jpg,271
a0604fcd-596f-492e-ba60-c1e97c15332a.jpg,288
a29ede46-b270-498d-a6cc-a48186deff54.jpg,113
a2e81405-9298-43ce-b0c6-7dfb5dbd68e1.jpg,319
a40b65ab-055b-41bb-86ca-37c8ab3edd26.jpg,258
a47c5883-83e0-47a9-b24b-d2841176b37e.jpg,203
a4b196fe-d06c-4d99-beeb-d73a86f1f483.jpg,113
a4b30520-2296-47d3-ac10-93907280fc5b.jpg,355
a576467f-bcba-4000-aca3-e7326b10d144.jpg,252
a67d5fad-9c4b-45b3-b04f-cc7b644f808a.jpg,203
a7307a71-1217-478b-9767-a12bb099a261.jpg,284
a7357bfe-9bb1-4ab8-b0f0-1c49a27503e2.jpg,323
a76cbff7-41f5-4858-bc98-04cb789613d0.jpg,104
a79f9620-7564-4f89-b85c-5b863d1dc9ab.jpg,354
a7cb3b94-ab99-4de3-9356-789da2c030a9.jpg,20
a7ed1208-15a3-4ea3-867c-7a2ed7bf3cd4.jpg,183
a8c230b7-d98b-44d6-9802-eaf8448eaf7b.jpg,288
a8cae82c-2451-4b69-b0a2-85e6f63a4b45.jpg,292
a905ac8c-5ee2-44a2-9d8a-9154a7f89beb.jpg,116
a947698e-6bdd-4bd4-9ef5-cef51bb1bc3f.jpg,344
a9838606-4a36-42da-b03a-90842a691560.jpg,288
a99c8cf6-c5cf-4d7c-be5e-a52885839b41.jpg,66
a9b844fe-0365-4df1-8fe5-e41435138900.jpg,288
a9d0cef8-958f-4538-9a4b-6217cc36ccf9.jpg,203
aa145190-e7f1-40a0-b2cb-2dd217550548.jpg,104
ab3904d5-643b-4341-b4ef-28aff284670a.jpg,21
ab63b903-37d2-40eb-a193-42f96631b7ca.jpg,48
ab82a9f0-3733-4f6f-bebc-7cc17b0c0487.jpg,183
ab846ba8-c6e1-4c38-a36c-b9d28a80ff9d.jpg,203
ac6eb82d-b2c2-431c-b80f-87dc6329262e.jpg,104
ac731267-dbfe-4745-acc6-9743bcb00cb5.jpg,183
ad52be6e-6b94-4953-9452-97ad53b45c8c.jpg,334
addcb0f9-63e0-45e7-b254-d9b90462b880.jpg,334
adeee52b-6efd-4409-82ac-3285b1d4c8c7.jpg,183
aeb45b21-e4f9-4908-8f8f-05e80c0683d8.jpg,183
aed0c108-071a-43a1-976a-91e55ed12219.jpg,232
af15f989-98f9-4c1d-bbdc-68c54fdf5c35.jpg,183
af31021d-89a7-4eb3-8199-db8d3b5dff66.jpg,104
af7f6b35-db6a-4f29-88de-cd516a59805f.jpg,183
b000e194-c9f6-4c54-a57c-f31cf53be9fc.jpg,151
b05911b2-0058-43bd-a873-1fbc5dbe1898.jpg,244
b0cfbc30-a1fc-4d2b-9185-f0ea34b73b3f.jpg,292
b0f8a5d3-722c-4323-a16a-ca5541989f19.jpg,43
b1075aa1-61ea-4447-9171-e085765cdd1e.jpg,183
b1a992ab-5dda-4f11-bdf1-f2f55fcda524.jpg,224
b27ff0d4-b3ed-4439-bf9a-dd59a2069d77.jpg,20
b30f6799-7c6c-432e-9153-525d28110d91.jpg,284
b33c78e0-def9-45d7-a5ba-ed754ab7dc46.jpg,319
b4451fb2-c75d-453e-8d64-b4351c82ffd7.jpg,19
b4c4e439-0809-43c6-8e90-30f9dcb507ad.jpg,354
b551349f-031a-4c29-9b64-39e86e53eb97.jpg,9
b559f0b4-6d7c-4f92-9608-61c8dbd745ca.jpg,258
b5cfa1f4-d6ab-49b5-87c7-d07152ea9569.jpg,183
b612741c-9705-4488-beae-eba5a7cd63a2.jpg,252
b62fcd30-4dab-43ce-a108-6a348735393f.jpg,183
b65f487d-3135-49bd-b64c-1b5846034551.jpg,113
b66932b3-9c0c-4962-b2aa-3e4e48163417.jpg,183
b91f20f6-818e-41a4-80c9-cdf06242b940.jpg,183
b95163df-153d-4b92-9ea2-671e9471e2b6.jpg,183
b9eb5205-71c1-4e76-a7c6-3bec1f40423c.jpg,48
ba0c01ad-584d-4b1f-8047-59ce92667cea.jpg,288
ba1d36c5-576a-4a13-b33a-f4fbafcee35f.jpg,104
bbb79014-8ebd-4922-ad48-fd4ee8c61bd2.jpg,288
bc2caef6-9af7-4c56-9b73-defbfa36a083.jpg,254
bc3c9555-4c2d-492b-8d39-f29933a5bfe6.jpg,113
bc61e83d-6cba-4779-9379-0b9d77c90a89.jpg,95
bc75be2c-c508-4a78-9047-ef59855b33ad.jpg,104
bcedaa65-e6c2-45a0-bb56-fa000bfeb2c4.jpg,258
bd2effc6-056e-40ef-a9d7-eaa8102d5dd5.jpg,138
bd456bb2-7065-4e64-b63d-a6413a79810c.jpg,348
bd5ae909-f6da-46f4-b0df-76866eb56986.jpg,183
bd699ee7-3a03-4a53-b49f-806ae034b77a.jpg,292
be2f90de-b17a-4ca1-be5e-02d7265c300d.jpg,104
be954a49-a8f3-4ca1-9631-9222f91341ba.jpg,284
bea0f692-2b97-4a77-b3a4-c8abe4d1ec24.jpg,55
bec0ad77-0fb1-4713-bc72-9bc5f0b83455.jpg,97
bf4fc3bb-a629-44ab-bfee-cdf8c04d156a.jpg,44
c0578997-1533-4d34-b345-8a7bba89dc9c.jpg,203
c06eaaba-1cac-4e9b-865e-8b2922b2a19a.jpg,155
c15a16bb-8c9a-49df-abd8-db0ca41df62c.jpg,311
c199b96c-8696-4ceb-9914-7127aac8d83d.jpg,334
c1eaf8c6-39e1-4708-bca8-48d1c812a40f.jpg,11
c21ba9d6-74bd-4782-a691-963bec935629.jpg,104
c25d6a0d-1934-4692-a583-98ea20e27fd9.jpg,319
c2ac9347-7d7a-4148-ac21-152e6b29d0f5.jpg,104
c30b4f06-2820-4064-8575-61ae4b0d64f1.jpg,183
c3686770-a9eb-4899-82c8-bc397e63c4d0.jpg,104
c39ee832-04fc-4b41-86cf-4dc6d6e215c4.jpg,288
c3a05f6b-4b71-4cfd-ab8d-3c7d79e08ea1.jpg,19
c3c2989c-a1af-4ada-8012-9348ddd35a63.jpg,266
c48f70ac-bf58-45af-9249-2185260b1311.jpg,348
c560a3b2-ecdc-4e31-af46-8687d522776f.jpg,288
c60a83eb-a505-400b-98cc-fa1e19652248.jpg,240
c6a26aec-4589-470c-8aff-b96e308f99a0.jpg,292
c6befa6f-89c5-4a3d-bce3-dee29e571fae.jpg,347
c6fd4639-aa37-461a-a557-95742d1feaaf.jpg,203
c726d245-0779-4631-b118-8c98b03f0f38.jpg,55
c7dd039d-6725-4c69-8be6-9770425de342.jpg,348
c860a24f-8889-4302-8c0f-58add02737ed.jpg,249
c8e03d8b-247b-419d-a0a4-216ec8d23a6d.jpg,319
c8f15578-32de-4136-9bdd-932e454ccb28.jpg,319
c90f1db8-9f1e-4928-b99c-cb0009d73904.jpg,86
c9ac7893-5f2e-4569-8d5d-106a559015a2.jpg,104
ca0ff60f-5bb5-48f3-996b-a44e6a69f862.jpg,292
ca2bff52-4f85-47a0-84c8-3e1d41f0574d.jpg,97
ca7d5ece-c37e-472a-85a4-19242d41c788.jpg,183
cae8ad58-d226-4dd8-ba3d-c7a48e825df4.jpg,113
cae8bb5e-f4bf-4ac7-8245-514345eb5176.jpg,262
cb14e1d3-f3da-4cdc-b6ad-88d6a048d75c.jpg,249
cb353022-91dc-4bc1-a45f-34f1cab3f6a1.jpg,334
cb58c6e5-2c85-46a8-9725-bf4dbd3344e4.jpg,66
cbf02763-b713-4648-bd46-e2ac548933ea.jpg,104
cc0976bd-b3ad-44b3-9a90-126772dda282.jpg,214
cc24f258-ec3e-4adb-ba42-a4d35a14be81.jpg,104
cc2e7672-3520-4c08-84d5-f0dc98ab6f42.jpg,39
ccea8cf1-4dd6-4750-8ebc-f4bf0c11f81d.jpg,183
cd02773c-be6c-4026-a532-5170bff47b6c.jpg,284
cd15e2fa-b1f6-41f4-9e9e-c2ca87abcca3.jpg,113
cd1b615a-20ff-4cac-8293-cca9a250ac70.jpg,288
cd3b5ff3-c18a-4e62-9423-c6259d861b6d.jpg,138
cd4a4268-a7fb-4b97-ac41-10cdcd3c71c2.jpg,292
cd765f2a-fc57-4f07-bfed-24d8124f3bb9.jpg,348
cdea59ae-b0ea-49cf-8300-528de84e3134.jpg,97
ce3c81f2-9565-48fc-a376-3748ee475099.jpg,258
cec7eb09-b2e9-4c76-9597-8b998b399089.jpg,183
ceee5115-f07d-4fb9-96b1-23931cd9f05f.jpg,84
cfc62af7-781f-452c-970c-73ac56edad93.jpg,97
d01e771f-519f-4eb4-920e-dadab79dc170.jpg,167
d06c7ca8-8066-47f2-9b94-5080d13778a2.jpg,292
d07b2797-1648-4a52-b473-fd3ceb72bb48.jpg,104
d0ee2434-7706-4c7f-a242-d33dcfb01d28.jpg,154
d11244e4-1d67-462d-b101-c2a4e535125f.jpg,203
d196f70e-38dc-4a62-b014-711a2d6bf876.jpg,284
d248657a-ca92-42db-a9dc-6d3fa79088ec.jpg,106
d2914afe-b8bd-439d-9f0a-5b193fbd5e9d.jpg,288
d2b8a235-b857-4b4a-ba29-91da86475223.jpg,104
d3b64cba-bca5-4ea9-b5af-87f588f9fb06.jpg,183
d40081ef-a98d-4872-9c44-03541a2c0c0c.jpg,348
d4022228-0339-4b54-8086-4b0241a96b43.jpg,40
d4523a86-868d-4378-b13d-cc0c6411a835.jpg,323
d48b8566-ceb2-4918-9633-60c99fe0b44f.jpg,266
d58e87a7-852b-449d-a3a3-ea53d57234cf.jpg,19
d5b7623e-0feb-4074-8a16-260a1ef79c7f.jpg,89
d5ecc218-3b93-4062-a408-fd2e5178299f.jpg,288
d6b8689d-ff34-441f-868d-c4efc21b6660.jpg,355
d6c3d3f6-e40f-4f45-90d5-7b788d33c7be.jpg,104
d6dd8b6a-9004-4335-ae9d-db93980fbd68.jpg,214
d70c8cb3-89e4-4946-8f55-cf17cc2eb700.jpg,348
d7a4618b-6b36-4579-84e4-446deb2e8679.jpg,65
d7c8b002-254f-458c-8869-5f82f9c54e1c.jpg,183
d7e0bfb0-e610-497a-bb66-9155e8195851.jpg,215
d88caf77-2f77-4fae-b554-9076d37da9e5.jpg,183
d8fd356c-e0d1-44f7-bc2a-adcf431903b9.jpg,84
d8fdffd7-b194-4959-8e93-f3231b35892b.jpg,361
da2caf5c-f901-411a-8368-407880946df2.jpg,203
daf47176-0df5-4e38-bf07-93c156db42bd.jpg,254
db9babfa-0da0-41c1-a809-5c583f5d607d.jpg,355
dbd1ac47-d721-45d7-bafd-2cf61d2a471e.jpg,254
dbf32dbe-9a2d-4fa7-ae8c-6754c972cdb1.jpg,97
dc23d88e-0871-4f89-bb61-21c3001ca213.jpg,284
dc4ac753-1e74-49f0-96de-a6a041cb8f79.jpg,319
dc4b9c45-1236-4c66-ab0c-35f08b433aca.jpg,48
dc5e7115-18fd-4ef0-9679-f91f766eecee.jpg,288
dca05c26-9b54-48c5-971f-f004ad77e1af.jpg,104
dcffb41d-9b29-442a-a340-0ece03bbefb4.jpg,116
dd15ee42-0449-42dc-9a6d-ed0595c41a1c.jpg,361
dd388082-65b3-44ac-959c-69fa605435df.jpg,104
ddae0e31-41f0-43d0-bdc9-a86fec7bf189.jpg,128
de513321-7893-4714-a9cc-09896a2a7ce1.jpg,249
de5953c5-79a0-40c2-aeda-a47153ecd58a.jpg,97
df7284fe-9916-42fc-8b5c-f0266e09db00.jpg,183
e021d95e-5cc0-4055-a489-4c573400fa3a.jpg,129
e098e160-2104-48a1-b614-91adfca3ece3.jpg,361
e0a25f32-42da-43c5-b440-1a7ef8610388.jpg,353
e1479306-7a55-4d34-880c-cc6dba99ac54.jpg,244
e26a13b7-af59-45e4-965b-34728152b5c2.jpg,203
e297c8fe-2be5-47f2-9f3f-810ff713ee66.jpg,229
e2c30990-1a85-430e-8261-6ea39a3598e2.jpg,288
e2f6c9c8-6209-44ac-bd4f-cd5595de7c91.jpg,258
e318de33-006d-426e-bd2e-e70c30c00f43.jpg,232
e3d5a534-d42d-4989-a6c2-c4a4c9db65d7.jpg,107
e3dc0db2-1b4c-4e9c-9754-03a1206d1655.jpg,183
e3ebd958-5828-4c7e-a0cb-6ea5068dba5e.jpg,348
e463fd7b-1ac3-485d-b825-03691b215a17.jpg,323
e4732bc9-e47a-4e2f-916d-225e1743aa18.jpg,155
e4abdfc3-5f11-4f7f-a24c-1b348999f44b.jpg,94
e4e3005c-dd9e-4db6-b466-50b17a9a52cd.jpg,243
e56be5bd-b9fa-4a37-91a4-c045ce9c57cb.jpg,319
e56c312c-36e2-43a4-b4fd-37971e44c1a9.jpg,292
e579a946-83e6-4b45-b252-88636410b325.jpg,325
e589e8db-d1c5-46f7-9352-b038122d13b9.jpg,19
e5d701b9-6eff-4a67-b122-a9564c3e2343.jpg,9
e5e05522-c087-4ce3-8915-0a442fe69a4f.jpg,232
e6730eea-792c-41be-9df5-3e8f18a69740.jpg,183
e7684047-a858-4b9f-8bdb-cf756bc847ed.jpg,183
e8579969-9d1c-44bb-9a49-eb2184bfad8f.jpg,280
e8e33fbc-7692-42a6-8503-a83cd566ae79.jpg,97
e8e8f499-d9c9-459c-adfc-a81d8e146179.jpg,288
e913d8c3-5b58-44b4-9f39-022ef6bc8ded.jpg,104
e997019a-7a26-45c3-a59d-746bc73f1e0f.jpg,183
ea01fe0f-486e-4974-9a66-25a1131d4987.jpg,104
ea1c48cc-c6f6-471f-ab35-37dfaa1ab91d.jpg,21
ead4fb5b-f417-455a-bbcf-e9974b9f77eb.jpg,104
eade91dd-754d-4297-88ba-e70324db2498.jpg,361
eb216c2a-7871-4cf3-949b-56df25d3db82.jpg,48
eb317ba6-9094-4453-8577-d4f5def78aca.jpg,292
eb3c8d7e-5422-4048-b880-1068f633af7f.jpg,214
eb6fbecc-6221-437b-a8e5-391c483bff46.jpg,97
eb98243a-3c8a-435d-aa94-7d0c62f3c07e.jpg,355
ebdcdd1a-2ece-447b-b6d2-c3f8c4c96f76.jpg,84
ec3adf0b-6788-4129-b15f-d040591a6941.jpg,203
ec8d1bc2-b9d5-4ed9-81bc-34ebdfc80b44.jpg,203
eceea52a-f940-46c6-92c5-a2cf14929a50.jpg,154
ee24b853-e4b8-43a9-9dab-48dc0a1aa71c.jpg,306
ee9be8c9-ca55-4a07-8327-7d82cffcaacb.jpg,155
eea4f3df-4cd1-4cfd-9765-89f43b7abe94.jpg,288
eecc2de9-c0b2-4588-add3-d769b46c65fe.jpg,97
ef64f571-6fdc-4751-a8ae-ddfcee6f8ae0.jpg,82
ef82a5a8-f8be-46ec-bbaf-7f6d952fcbcb.jpg,254
ef834102-a1d8-4ff3-b47a-6c308ff12b2c.jpg,288
ef8f6ff8-f367-4f11-8040-1a3c917684eb.jpg,183
f008e609-9600-410b-9926-7f62cddfbb08.jpg,43
f0f70e12-47e3-4a17-95ff-4af23cc87035.jpg,113
f133ce45-8da2-4ccd-a07c-77ca92c3d7c9.jpg,19
f187244c-bfa5-41dd-a320-12d9fbfd074b.jpg,244
f1a1b514-4bcd-4ff0-8a92-fafcecdbf1aa.jpg,361
f1b7341e-53e8-4792-8bfe-252da4e499eb.jpg,361
f1cdfd38-1c00-4a88-ac7a-1f56ccd3c5fd.jpg,104
f23a6c21-0fe9-4951-bee1-ddf68d2a3c2e.jpg,249
f2ca70d0-f780-40d5-88fb-89b7d6ed203d.jpg,292
f382910c-c563-4a8e-8523-1fb598505782.jpg,288
f42742cf-279c-41a8-b352-8969393ee48b.jpg,348
f490d22f-7110-435f-bce1-fc257b677814.jpg,288
f4b3d3d0-68ed-4ef4-a44a-b6ca538ce415.jpg,252
f54e88d8-989e-4427-9510-f3b1ae0a757c.jpg,113
f5a36f82-2f81-4541-805a-76fb1f9ca628.jpg,292
f60ef943-9c4b-486c-a9fc-57eb17594322.jpg,297
f66a7d91-4a60-4799-ac4e-bc58c3297ef4.jpg,104
f6917145-d212-4586-a9bf-22d95b71dfcc.jpg,361
f6b73a3d-0872-43c4-a82c-e3996d175c66.jpg,319
f7927a89-6701-4e45-a65c-94e579cbab20.jpg,183
f7b08e8c-46fe-42fd-877b-e951e99dc0af.jpg,292
f7ebff28-1818-4134-880e-6706b6c988ab.jpg,138
f9043ec4-ffb3-41c4-94e0-5ae14f37a4a5.jpg,104
f972aaa5-9a33-4d0b-ad8e-afff4f3d3e09.jpg,152
f97b6926-4c8f-4b77-8730-a0afa25c0c20.jpg,288
fa04df7f-fbce-42b3-b307-ba33fe090cfd.jpg,203
fa6e45f7-4a31-48d7-9300-e442fcf25890.jpg,361
faf74685-30eb-4980-b701-dc1f95d9cb38.jpg,151
fbf3a98a-7e08-4a15-a8ed-fff8bbf49897.jpg,311
fcf8c66f-9cab-4421-a204-7b95a560d387.jpg,347
fd2e57c9-b40d-476d-8f92-54f481b32c3a.jpg,104
fd3844b7-a553-45b7-8cdf-094943c6a1c0.jpg,258
fd8e4c10-b6a4-40de-8dc3-794d75b078f3.jpg,12
fe222001-6de3-47f6-a14c-1e71db44c478.jpg,89
fe2652f9-341f-4ac9-bf7f-9e8bc19d198a.jpg,39
fec31ff0-81eb-4f0c-8612-7263a8b006ce.jpg,258
fed669f9-80e6-44a8-bf70-7de338cf77c9.jpg,66
ff7c0ed4-b6ca-402f-9959-de0c26de0c03.jpg,354
ffd11775-01a5-4b14-9084-b1fb54670a89.jpg,252
